ALA_pos_signature_251,MES2,MES1,AC,OPC,NPC1,NPC2,GPM,MTC,NEU,PPR,Injury,Developmental,GP,OLC,Mixed
IL10RA,HILPDA,CHI3L1,CST3,BCAN,DLL3,STMN2,PLXND1,NDUFA2,CPLX2,PLK4,VAPB,GABRA4,PBK,OLIG1,DBI
METRNL,ADM,ANXA2,S100B,PLP1,DLL1,CD24,WIPF1,C7orf55,MYT1L,C5orf34,UBFD1,MMD2,TYMS,OLIG2,VIM
RIN3,DDIT3,ANXA1,SLC1A3,GPR17,SOX4,RND3,PLAUR,UQCRQ,STXBP1,EXO1,TCEA1,RPH3A,NUSAP1,HES6,MT2A
TBC1D22A,NDRG1,CD44,HEPN1,FIBIN,TUBB3,HMP19,CTSB,LOC388965,STXBP1,RAD51AP1,PHAX,VGF,TOP2A,DLL3,CD9
C5AR1,HERPUD1,VIM,HOPX,LHFPL3,HES6,TUBB3,ITGA5,MED31,A2BP1,C11orf82,RAD50,CHRM1,BIRC5,STMN1,SPARCL1
CCL2,DNAJB9,MT2A,MT3,OLIG1,TAGLN3,MIAT,MYH9,COX7B,KIF5A,ZFP37,RALBP1,DBX2,UBE2C,SHD,MT3
CCL20,TRIB3,C1S,SPARCL1,PSAT1,NEU4,DCX,MGAT1,UQCR,JPH3,POLE2,RFK,GPR12,FAM64A,BCAN,TSC22D4
CXCL8,ENO2,NAMPT,MLC1,SCRG1,MARCKSL1,NSG1,FOSL2,LOC391356,CACNG2,TRIP13,CUL4A,NCAN,UBE2T,SOX4,CST3
HBEGF,AKAP12,EFEMP1,GFAP,OMG,CD24,ELAVL4,MVP,DPM3,CABP1,CCDC99,SNRPF,SCG3,MAD2L1,FXYD6,S100A6
ICAM1,SQSTM1,C1R,FABP7,APOD,STMN1,MLLT11,GRN,NDUFB7,RICH2,STIL,SSBP1,KCNQ2,CDK1,APOD,PON2
IL18,MT1X,SOD2,BCAN,SIRT2,TCF12,DLX6-AS1,TGFBR2,CIB3,BRUNOL5,RFC3,PRRC1,LUZP2,CENPF,TUBA1A,BCAN
IL1A,ATF3,IFITM3,PON2,TNR,BEX1,SOX11,APLP2,C20orf52,MAST3,DNA2L,NMT1,FCGR2B,MKI67,PLPPR1,CD63
IL1B,NAMPT,TIMP1,METTL7B,THY1,OLIG1,NREP,TCIRG1,LOC554207,FBXL16,KIF18A,FAM210B,SLC6A11,TUBA1B,ASCL1,S100B
IL6,NRN1,SPP1,SPARC,PHYHIPL,MAP2,FNBP1L,IL4R,RPL27,ATP2B3,SMC4,ZNF674,LRRC3B,HMGB2,NKAIN4,SPARC
IRAK2,SLC2A1,A2M,GATM,SOX2-OT,FXYD6,TAGLN3,LHFPL2,ATP5J2,CLTB,ERCC6L,ATP8B2,GFI1B,AURKB,SCD5,METRN
NFKBIA,BNIP3,S100A11,RAMP1,NKAIN4,PTPRS,STMN4,TNFRSF1B,NDUFA4,PACSIN1,NEK2,ZNF774,PCSK2,RRM2,SCRG1,GAPDH
PTGER4,LGALS3,MT1X,PMP2,LPPR1,MLLT11,DLX5,KIAA0247,PFDN5,SLC12A5,CENPH,ANKRD28,KCNJ4,TPX2,GADD45G,CLU
SERPINE1,INSIG2,S100A10,AQP4,PTPRZ1,NPPA,SOX4,URP2,P117,CHD5,RFC4,RBFOX2,LINC00645,CENPK,CCND1,TIMP1
SPHK1,IGFBP3,FN1,DBI,VCAN,BCAN,MAP1B,C1orf38,MPZL3,CPLX1,CCNA2,RILPL2,SLC24A4,NUF2,TUBB,HLA-A
B4GALT1,PPP1R15A,LGALS1,EDNRB,DBI,MEST,RBFOX2,MAPKAPK2,MRPS15,NEURL,ZNF596,ZNHIT6,SRRM4,PRC1,HMGB1,S100A16
CD83,VIM,S100A16,PTPRZ1,PMP2,ASCL1,IGFBPL1,RHOG,NDUFB1,EHD3,NEIL3,PLA2G12A,CPNE6,SGOL1,MCM7,MT1X
CXCL2,PLOD2,CLIC1,CLU,CNP,BTG2,STMN1,GLT25D1,NDUFA7,LRTM2,DBF4,BOLA3,IL33,KIAA0101,TTC9B,CD99
CXCL3,GBE1,MGST1,PMP22,TNS3,DCX,HN1,DOK3,UBL5,SOHLH1,TMPO,FNDC3A,C2orf80,GTSE1,HMGN2,RAMP1
DUSP1,SLC2A3,RCAN1,ATP1A2,LIMA1,NXPH1,TMEM161B-AS1,FN1,TIMM8B,DNM1,LOC201725,GOLGA4,ASIC4,SMC4,CKB,HLA-B
ETS2,FTL,TAGLN2,S100A16,CA10,HN1,DPYSL3,TBC1D22A,ACYP2,SYP,POLG,NEK1,KCND2,SPC25,HN1,ANXA2
FOSL1,WARS,NPC2,HEY1,PCDHGC3,PFN2,SEPT3,LTBP2,C17orf61,NCDN,NOL11,RDX,PTPN5,ZWINT,SOX11,LGALS1
GADD45B,ERO1L,SERPING1,PCDHGC3,CNTN1,SCG3,PKIA,FLII,ALKBH7,KIAA1853,PCNA,POLR3A,FUT9,PTTG1,MAD2L1,GATM
IER2,XPOT,C8orf4,TTYH1,SCD5,MYT1,ATP1B1,ADAM12,NFU1,HRNBP3,SFT2D3,MAP4,CSPG5,LMNB1,PLCG2,B2M
KLF2,HSPA5,EMP1,NDRG2,P2RX7,CHD7,DYNC1I1,FURIN,SNRPG,PDE2A,KIF23,GXYLT1,GABRD,CDKN3,RGCC,PMP22
MAFF,GDF15,APOE,PRCP,CADM2,GPR56,CD200,MAN2B1,PRSS22,PRKCB1,GINS2,TTPAL,GDAP1L1,RNASEH2A,TUBB2B,CEBPD
MAP2K3,ANXA2,CTSB,ATP1B2,TTYH1,TUBA1A,SNAP25,S100A11,SEPW1,CENTA1,ZNF711,ATP8B5P,CELF5,CCNB2,DCX,PMP2
NFKB2,EPAS1,C3,AGT,FGF12,PCBP4,PAK3,METRNL,MRPL54,BSN,FAM54A,KIF3C,LMO1,CCNA2,SAPCD2,ALDOA
NR4A2,LDHA,LGALS3,PLTP,TMEM206,ETV1,NDRG4,RIN3,UNQ2541,CHGA,CDC6,SPIN1,EPHB1,CENPU,BIRC5,TTYH1
PLAUR,P4HA1,MT1E,GPM6B,NEU4,SHD,KIF5A,IL10RA,N6AMT2,SLC35F3,NUSAP1,CBX6,AGT,NDC80,KIAA0101,NES
PTGS2,SERTAD1,EMP3,F3,FXYD6,TNR,UCHL1,P4HB,CCL16,HTR5A,DTL,SLC25A37,CPLX1,KIFC1,UBE2T,ZFP36L1
NCF2,PFKP,SERPINA3,RAB31,RNF13,AMOTL2,ENO2,THBD,COX6A1,KIAA0513,NUF2,IER2,SHISA7,TACC3,TOP2A,HTRA1
ITPRIP,PGK1,ACTN1,PPAP2B,RTKN,DBN1,KIF5C,GAA,MORN2,SYNPR,PRIM1,DAG1,COL28A1,CCNB1,SMC2,LGALS3
PRDM1,EGLN3,PRDX6,ANXA5,GPM6B,HIP1,DDAH2,C5AR1,ZNHIT1,KRT222P,ZNF670,SEC61B,ADCYAP1R1,MELK,TAGLN3,FABP7
STX11,SLC6A6,IGFBP7,TSPAN7,LMF1,ABAT,TUBB2A,PARVG,PRAP1,AK5,FANCI,PRKCI,MASP1,HMGN2,CENPU,EMP3
RGS1,CA9,SERPINE1,,ALCAM,ELAVL4,LBH,COL5A1,AQP10,CYFIP2,EXTL2,COMMD1,NAT16,SGOL2,UHRF1,ZFP36L2
RILPL2,BNIP3L,PLP2,,PGRMC1,LMF1,LOC150568,MYO1F,COX5B,PHYHIP,DEPDC1B,TMEM263,NPVF,CCDC34,UBE2C,HOPX
SH3TC1,RPL21,MGP,,HRASLS,GRIK2,TCF4,IL13RA1,TMPRSS6,LRFN2,BUB1,SDF2L1,SLC32A1,SMC2,HMGB3,PRDX6
ALOX5AP,TRAM1,CLIC4,,BCAS1,SERINC5,GNG3,PTPRJ,SLC12A3,GABRG2,FBXO5,CHIC1,JAKMIP1,CDC20,PBK,HLA-C
CTSS,UFM1,GFPT2,,RAB31,TSPAN13,NFIB,DAB2,PRSSL1,NSF,GINS1,SLC35D1,TMEM145,RACGAP1,EZH2,OLIG1
SERPINB1,ASNS,GSN,,PLLP,ELMO1,DPYSL5,NRP1,CRB3,LRFN5,RAD54L,QPCTL,GABRP,ASF1B,LMNB1,ITM2C
IL1RN,GOLT1B,NNMT,,FABP5,GLCCI1,CRABP1,SIGLEC7,C2orf7,NEFM,DEPDC1,CD83,CYP4F24P,UHRF1,NUSAP1,MT1E
CSF2RB,ANGPTL4,TUBA1C,,NLGN3,SEZ6L,DBN1,ELL,LOC790955,PSD,ESCO2,TBL1X,ADRA1A,CENPW,GSX1,IFI6
PLBD1,SLC39A14,GJA1,,SERINC5,LRRN1,NFIX,TNFAIP3,C19orf53,CACNG3,NUP160,MRPS10,CCND2,KIF2C,TUBA1B,IGFBP2
TOR4A,CDKN1A,TNFRSF1A,,EPB41L2,SEZ6,CEP170,HCLS1,MRPL34,HS3ST4,DKC1,TJP2,FGD3,CENPA,SGOL1,SLC1A3
OSM,HSPA9,WWTR1,,GPR37L1,SOX11,BLCAP,FES,MED28,CKMT1A,CDC45L,CEP70,ZDHHC22,FOXM1,BAMBI,CNN3
TBXAS1,,,,,,,,,,,TBC1D23,CAMKV,,,
FMNL1,,,,,,,,,,,TGFB1I1,MPPED2,,,
G0S2,,,,,,,,,,,NFKBIE,PRMT8,,,
LCP1,,,,,,,,,,,LIMK1,SCN1A,,,
GOLGA4,,,,,,,,,,,SIX4,CLVS2,,,
SNTB2,,,,,,,,,,,TMTC3,C2orf72,,,
CYTIP,,,,,,,,,,,AMOTL1,CKMT1A,,,
RASAL3,,,,,,,,,,,NACC2,NLGN3,,,
HCK,,,,,,,,,,,DST,SGSM1,,,
RAB20,,,,,,,,,,,TEAD1,LINC00298,,,
SORBS2,,,,,,,,,,,B2M,HMX3,,,
SLC7A7,,,,,,,,,,,TMSB10,RAP1GAP,,,
CYBA,,,,,,,,,,,XBP1,HPCAL4,,,
ALDH3B1,,,,,,,,,,,LRRC8A,GAD1,,,
CYTH4,,,,,,,,,,,AKAP9,KCNN2,,,
EREG,,,,,,,,,,,CHN1,CHRNB2,,,
CMTM7,,,,,,,,,,,MRPL33,GPR37L1,,,
OLFML3,,,,,,,,,,,CNN3,ST8SIA3,,,
NEK1,,,,,,,,,,,GFPT1,LINC00606,,,
SERPINB9,,,,,,,,,,,RAB23,PMP2,,,
PIGR,,,,,,,,,,,PAM,CDH20,,,
TNFAIP8L3,,,,,,,,,,,TRAF3IP1,FCGR2A,,,
SLC16A3,,,,,,,,,,,RHOJ,RTN4RL1,,,
SLC2A5,,,,,,,,,,,VCAN,PIRT,,,
ABL2,,,,,,,,,,,UCP2,RNF165,,,
SCARA3,,,,,,,,,,,PMM2,PRKCB,,,
AKAP9,,,,,,,,,,,MXRA7,SLC6A2,,,
ITGA9,,,,,,,,,,,BEND6,RTP1,,,
ARHGDIB,,,,,,,,,,,EPHB4,ATP1A2,,,
FCGBP,,,,,,,,,,,SMOX,NHLH1,,,
UCP2,,,,,,,,,,,BCL3,SLC4A4,,,
B2M,,,,,,,,,,,IRAK2,RTN4RL2,,,
RNASET2,,,,,,,,,,,UBE2H,TBR1,,,
S100A11,,,,,,,,,,,RAB13,ADGRB3,,,
DMD,,,,,,,,,,,ESYT2,JPH3,,,
NEXN,,,,,,,,,,,CUL4B,FCGR3B,,,
TMTC3,,,,,,,,,,,SNTA1,SCNN1B,,,
ATP8B4,,,,,,,,,,,TVP23B,KLF15,,,
SELPLG,,,,,,,,,,,LUZP1,DDX25,,,
S100A4,,,,,,,,,,,SNX7,FAM182B,,,
RGS10,,,,,,,,,,,SPDL1,SVOP,,,
CD68,,,,,,,,,,,MID1,CAMK1G,,,
MMP19,,,,,,,,,,,HBEGF,KCNK9,,,
IL1R2,,,,,,,,,,,RARG,LINC01310,,,
GNA14,,,,,,,,,,,SLC16A4,DUSP26,,,
GYPC,,,,,,,,,,,IFT57,SYT3,,,
IL31RA,,,,,,,,,,,MGAT5B,C3orf70,,,
MEIS2,,,,,,,,,,,RNASET2,GRIA2,,,
CAPG,,,,,,,,,,,TRIB3,GRIK3,,,
MGLL,,,,,,,,,,,GCC2,ADGRB1,,,
ITGB6,,,,,,,,,,,SNTB2,PTPRT,,,
CD180,,,,,,,,,,,ITPRIP,PSD2,,,
BTBD11,,,,,,,,,,,TNC,RGS6,,,
NDNF,,,,,,,,,,,PPP3CA,KCNA2,,,
FAM210B,,,,,,,,,,,MAP2K3,CHL1,,,
TMSB4X,,,,,,,,,,,STAR,ADGRA1,,,
PTPN14,,,,,,,,,,,NEURL3,LPAR4,,,
DENND3,,,,,,,,,,,HMOX1,NR4A1,,,
TGM4,,,,,,,,,,,TSKU,GABRG1,,,
SULF1,,,,,,,,,,,EHD3,LINC00634,,,
IFITM2,,,,,,,,,,,TMEM238,AGXT,,,
ABI3BP,,,,,,,,,,,LYPD6,ABCD2,,,
NEDD4,,,,,,,,,,,SCARA3,ROBO2,,,
TMSB10,,,,,,,,,,,NEDD4,CKMT1B,,,
MUC17,,,,,,,,,,,ATP8B3,BARHL2,,,
CHIC1,,,,,,,,,,,SMIM4,STXBP5L,,,
ENPP5,,,,,,,,,,,TNKS1BP1,MAP3K19,,,
ALPK2,,,,,,,,,,,LINC00310,CAMK2B,,,
GFPT1,,,,,,,,,,,SUGT1P1,ADGRE2,,,
EPSTI1,,,,,,,,,,,MAP3K9,ACSBG1,,,
XKR3,,,,,,,,,,,SSX2IP,KCNC1,,,
MMP25,,,,,,,,,,,CTTN,PTPRZ1,,,
PMM2,,,,,,,,,,,EPDR1,MAST1,,,
RBFOX3,,,,,,,,,,,ACOX2,TSPAN7,,,
PLS1,,,,,,,,,,,GFI1,RAB3C,,,
SLFN5,,,,,,,,,,,MEIS2,LRRC4B,,,
PICK1,,,,,,,,,,,POLR2L,ADAM22,,,
NDST3,,,,,,,,,,,LINC00239,DTX1,,,
ENAM,,,,,,,,,,,RCCD1,HRH3,,,
RYR2,,,,,,,,,,,EGF,PAH,,,
PCSK5,,,,,,,,,,,LINC01426,SPARCL1,,,
POLR2L,,,,,,,,,,,IL23A,OTX2,,,
LOC442497,,,,,,,,,,,LCA5,RIMKLA,,,
IKZF3,,,,,,,,,,,OSM,NINJ2,,,
FBLN1,,,,,,,,,,,PRKAR2B,COL19A1,,,
RELN,,,,,,,,,,,FAIM,CACNG7,,,
PTPRQ,,,,,,,,,,,RAB11FIP5,CCKBR,,,
IL4R,,,,,,,,,,,PGM2L1,ADGRG6,,,
ITGA5,,,,,,,,,,,TXN,ID4,,,
MSR1,,,,,,,,,,,APOBEC3D,PLK5,,,
TLR2,,,,,,,,,,,BCAM,CXXC4,,,
DRAM1,,,,,,,,,,,EXT1,CFAP74,,,
ALOX5,,,,,,,,,,,DSTN,CDH10,,,
BNC2,,,,,,,,,,,RASD1,SHANK1,,,
C1orf54,,,,,,,,,,,EMP1,DDN,,,
COL8A2,,,,,,,,,,,SORBS2,BBOX1,,,
COLGALT1,,,,,,,,,,,PLOD2,CPNE5,,,
CTSB,,,,,,,,,,,IL17RD,NEUROD2,,,
CTSC,,,,,,,,,,,TLCD2,KLHDC8A,,,
DAB2,,,,,,,,,,,TRIP6,C1QTNF4,,,
DSC2,,,,,,,,,,,SLC1A5,ABAT,,,
FCGR2A,,,,,,,,,,,CNIH3,CACNA1I,,,
FES,,,,,,,,,,,ICAM3,PHF24,,,
FURIN,,,,,,,,,,,IKZF3,NT5C1A,,,
LHFPL2,,,,,,,,,,,NRCAM,FBN3,,,
LRRFIP1,,,,,,,,,,,C1R,WNT7A,,,
LTBP2,,,,,,,,,,,CLIC4,WSCD2,,,
MAN1A1,,,,,,,,,,,FCGBP,SYT2,,,
MAN2A1,,,,,,,,,,,NRROS,RASAL1,,,
MAN2B1,,,,,,,,,,,PAK3,MEOX2,,,
MAPK13,,,,,,,,,,,PCSK5,SNTG1,,,
MFSD1,,,,,,,,,,,KITLG,KIF21A,,,
PLA2G15,,,,,,,,,,,RNF182,FAM155B,,,
PYGL,,,,,,,,,,,GJC2,BCHE,,,
SEC24D,,,,,,,,,,,ANKRD33B,CELF4,,,
SIGLEC9,,,,,,,,,,,EPGN,MYBPC1,,,
SP100,,,,,,,,,,,VASP,HNF1A,,,
ST14,,,,,,,,,,,PPP1R26-AS1,ZNF534,,,
SWAP70,,,,,,,,,,,RDH10,RPE65,,,
TEC,,,,,,,,,,,NEK5,CDK5R1,,,
TRPM2,,,,,,,,,,,LY96,ODF1,,,
AXL,,,,,,,,,,,EMILIN1,PTP4A3,,,
CCL22,,,,,,,,,,,ADPRHL1,RHBDL3,,,
CCR7,,,,,,,,,,,ZNF544,SLN,,,
CCRL2,,,,,,,,,,,YAP1,REEP1,,,
CD14,,,,,,,,,,,GPR176,PTN,,,
CD40,,,,,,,,,,,VSTM2L,RASGRP1,,,
CMKLR1,,,,,,,,,,,PLS1,SORCS3,,,
CSF3,,,,,,,,,,,SPAG1,NAT8L,,,
CXCL9,,,,,,,,,,,LEKR1,ADAM11,,,
CYBB,,,,,,,,,,,MAST4,SYT4,,,
EBI3,,,,,,,,,,,SLC7A7,PRR36,,,
GNA15,,,,,,,,,,,ARNTL2,PRKCG,,,
GPR132,,,,,,,,,,,FMNL1,SLC8A2,,,
ICAM4,,,,,,,,,,,TSHZ3,FLJ33534,,,
ICOSLG,,,,,,,,,,,CTNNAL1,UNC13A,,,
IL10,,,,,,,,,,,NGEF,OPTC,,,
KLF6,,,,,,,,,,,C9orf152,NYAP1,,,
LIF,,,,,,,,,,,ADAMTS14,DCLK2,,,
MARCO,,,,,,,,,,,MICALL2,NPNT,,,
MEP1A,,,,,,,,,,,RASAL3,RNASE6,,,
NDP,,,,,,,,,,,RPGRIP1,ANKRD18DP,,,
NFKB1,,,,,,,,,,,DENND3,PDE1A,,,
NLRP3,,,,,,,,,,,ALOX5AP,CHGA,,,
NMUR1,,,,,,,,,,,BCO1,SHC3,,,
NOD2,,,,,,,,,,,ABL2,NIM1K,,,
OLR1,,,,,,,,,,,LRRIQ1,CALCB,,,
OSMR,,,,,,,,,,,LRP12,KBTBD11,,,
PDE4B,,,,,,,,,,,TMSB4X,KCNJ16,,,
PIK3R5,,,,,,,,,,,RND3,DMTN,,,
PTAFR,,,,,,,,,,,SLC2A9,HAVCR2,,,
RIPK2,,,,,,,,,,,THEGL,TMIGD2,,,
SCARF1,,,,,,,,,,,IL2RB,AZU1,,,
SLC31A2,,,,,,,,,,,NAMPT,ATP1B2,,,
TLR1,,,,,,,,,,,SH3TC1,DGKB,,,
ATF3,,,,,,,,,,,PICK1,NCALD,,,
B4GALT5,,,,,,,,,,,PPM1H,FMO2,,,
BCL3,,,,,,,,,,,ESYT3,INHBB,,,
BIRC3,,,,,,,,,,,MDGA1,RIMS2,,,
BTG3,,,,,,,,,,,SSPN,ZSWIM5,,,
CCL4,,,,,,,,,,,LYPD3,GALR1,,,
CCNL1,,,,,,,,,,,SLC44A3,KCNJ11,,,
CD44,,,,,,,,,,,LPIN1,MLIP,,,
CDKN1A,,,,,,,,,,,CD68,NOL4,,,
CSF2,,,,,,,,,,,FLNA,NFIA,,,
DNAJB4,,,,,,,,,,,LRRC25,FBXL16,,,
DUSP2,,,,,,,,,,,SPOCD1,PRSS55,,,
DUSP4,,,,,,,,,,,GPR84,GRIK4,,,
DUSP5,,,,,,,,,,,RGS20,NKX3-2,,,
EGR2,,,,,,,,,,,ITGB7,RIMS3,,,
EGR3,,,,,,,,,,,HS6ST3,SDK2,,,
FOSL2,,,,,,,,,,,PTPN14,BCL7A,,,
ID2,,,,,,,,,,,NFKB2,FAM221B,,,
KDM6B,,,,,,,,,,,RELB,RYR3,,,
KLF4,,,,,,,,,,,SLC39A14,NOVA1,,,
LITAF,,,,,,,,,,,TENM2,C2CD4C,,,
MAP3K8,,,,,,,,,,,ADAM8,PALM,,,
NFKBIE,,,,,,,,,,,ACAP1,LMTK3,,,
NINJ1,,,,,,,,,,,TNFAIP8,FGFR3,,,
NR4A1,,,,,,,,,,,HIPK4,LY6H,,,
NR4A3,,,,,,,,,,,AJUBA,EGR3,,,
PANX1,,,,,,,,,,,MAFF,TMEM121,,,
PDLIM5,,,,,,,,,,,TOM1L2,RAB3IP,,,
PER1,,,,,,,,,,,NFKBIA,HOTTIP,,,
PHLDA2,,,,,,,,,,,MISP,TEKT1,,,
PLEK,,,,,,,,,,,DYNC1I1,ZMAT4,,,
PNRC1,,,,,,,,,,,SSTR2,MARK1,,,
PPP1R15A,,,,,,,,,,,TBX15,SCNN1G,,,
REL,,,,,,,,,,,ALDH3B1,CABP1,,,
RNF19B,,,,,,,,,,,FILIP1,CHIT1,,,
SAT1,,,,,,,,,,,TPTE2P6,PACSIN1,,,
SGK1,,,,,,,,,,,CYP26B1,LHFPL4,,,
SIK1,,,,,,,,,,,C5AR1,MZB1,,,
SMAD3,,,,,,,,,,,RASGRF1,HAVCR1,,,
SOCS3,,,,,,,,,,,FGF12,SLC47A2,,,
SPSB1,,,,,,,,,,,PRRX1,RAB6B,,,
TNFAIP2,,,,,,,,,,,KIAA2012,C5orf64,,,
TNFAIP8,,,,,,,,,,,GADD45B,ANOS1,,,
TRIB1,,,,,,,,,,,KLF2,RTN1,,,
TUBB2A,,,,,,,,,,,VSNL1,ABHD17C,,,
ZFP36,,,,,,,,,,,PTHLH,C1orf115,,,
,,,,,,,,,,,SSC5D,SEMA6D,,,
,,,,,,,,,,,LAMB1,PALM3,,,
,,,,,,,,,,,CRIM1,RFTN2,,,
,,,,,,,,,,,C12orf75,GABBR2,,,
,,,,,,,,,,,MYL12A,LAMP5,,,
,,,,,,,,,,,PARVA,NTRK2,,,
,,,,,,,,,,,RASL11A,TMEM74B,,,
,,,,,,,,,,,ERICH3,RAB3A,,,
,,,,,,,,,,,NFAM1,PNMA3,,,
,,,,,,,,,,,SDC1,C1QTNF3,,,
,,,,,,,,,,,TBXAS1,MMP16,,,
,,,,,,,,,,,G0S2,SCML4,,,
,,,,,,,,,,,DMD,TMEM59L,,,
,,,,,,,,,,,DPYSL3,SPTB,,,
,,,,,,,,,,,ME3,NOVA2,,,
,,,,,,,,,,,CGNL1,LANCL2,,,
,,,,,,,,,,,CAPG,CTNND2,,,
,,,,,,,,,,,LINC01599,TMIE,,,
,,,,,,,,,,,RGS10,SH2D4B,,,
,,,,,,,,,,,MMP25,CSRNP3,,,
,,,,,,,,,,,CD180,GRIA4,,,
,,,,,,,,,,,SLC6A3,ETV1,,,
,,,,,,,,,,,NFE2,CD247,,,
,,,,,,,,,,,FES,SNX32,,,
,,,,,,,,,,,CDH11,ADCY1,,,
,,,,,,,,,,,RORB,TRPM8,,,
,,,,,,,,,,,CLIC6,USHBP1,,,
,,,,,,,,,,,S100A11,PRODH,,,
,,,,,,,,,,,DUSP23,MSTN,,,
,,,,,,,,,,,SELPLG,LINC01136,,,
,,,,,,,,,,,KCNK13,WAS,,,
,,,,,,,,,,,LONRF2,DIRAS1,,,
,,,,,,,,,,,SNAI1,RNASE1,,,
,,,,,,,,,,,CHI3L2,SYNGR3,,,
,,,,,,,,,,,ZNF423,TMOD2,,,
,,,,,,,,,,,OPTN,THSD7A,,,
,,,,,,,,,,,DNAH5,SOBP,,,
,,,,,,,,,,,ANGPT1,DOCK3,,,
,,,,,,,,,,,EXPH5,PRPH,,,
,,,,,,,,,,,NTNG1,CDH22,,,
,,,,,,,,,,,ARSJ,MNX1,,,
,,,,,,,,,,,KIAA1522,SLC29A4,,,
,,,,,,,,,,,MGLL,SIGLEC1,,,
,,,,,,,,,,,ADAMTSL5,STX1B,,,
,,,,,,,,,,,S100Z,SLC4A10,,,
,,,,,,,,,,,LCK,KCTD16,,,
,,,,,,,,,,,PLEKHA5,WASF3,,,
,,,,,,,,,,,NCCRP1,F12,,,
,,,,,,,,,,,FAM174B,CAMK2A,,,
,,,,,,,,,,,EPHX4,SMIM17,,,
,,,,,,,,,,,GBE1,YBX2,,,
,,,,,,,,,,,PDE6G,RORA,,,
,,,,,,,,,,,IRS1,EFNB3,,,
,,,,,,,,,,,SYDE2,PHLPP1,,,
,,,,,,,,,,,ACTN1,MTTP,,,
,,,,,,,,,,,S100A4,SCAMP5,,,
,,,,,,,,,,,CCDC178,KIF5A,,,
,,,,,,,,,,,MID2,WDR17,,,
,,,,,,,,,,,SBK2,MDFI,,,
,,,,,,,,,,,PIGR,SH3GL2,,,
,,,,,,,,,,,PKP3,ATP13A4,,,
,,,,,,,,,,,SLC9A4,LOC728392,,,
,,,,,,,,,,,FSTL5,MAOB,,,
,,,,,,,,,,,PLP2,C10orf90,,,
,,,,,,,,,,,MGAM,CHRD,,,
,,,,,,,,,,,COL11A1,NDRG4,,,
,,,,,,,,,,,NR4A2,LTK,,,
,,,,,,,,,,,AKAP12,UBE2QL1,,,
,,,,,,,,,,,RAB20,B4GALNT4,,,
,,,,,,,,,,,DMP1,HAND2-AS1,,,
,,,,,,,,,,,SLC9A7,MAEL,,,
,,,,,,,,,,,ENTHD1,ALDH5A1,,,
,,,,,,,,,,,CACNA2D1,DLG2,,,
,,,,,,,,,,,CASP5,ARHGEF7,,,
,,,,,,,,,,,NT5E,PCMTD2,,,
,,,,,,,,,,,DNAH12,BTG2,,,
,,,,,,,,,,,HSPB8,ICA1L,,,
,,,,,,,,,,,STC1,LOC389705,,,
,,,,,,,,,,,RUNX1T1,SDC3,,,
,,,,,,,,,,,SRPX,ADGRV1,,,
,,,,,,,,,,,COL6A1,STOX1,,,
,,,,,,,,,,,P2RY2,STAC2,,,
,,,,,,,,,,,NT5DC3,ARAP2,,,
,,,,,,,,,,,KLRD1,SLC30A3,,,
,,,,,,,,,,,C9orf135,PPFIA3,,,
,,,,,,,,,,,IRAK3,PIANP,,,
,,,,,,,,,,,TSPAN9,ST8SIA1,,,
,,,,,,,,,,,CFI,PNMA2,,,
,,,,,,,,,,,LTBP1,CACNA1E,,,
,,,,,,,,,,,PNLIPRP3,SLC11A1,,,
,,,,,,,,,,,NPY,UNC80,,,
,,,,,,,,,,,KIT,EPHA10,,,
,,,,,,,,,,,PMAIP1,VANGL2,,,
,,,,,,,,,,,GNA14,B3GALT1,,,
,,,,,,,,,,,ADM,EEF1A2,,,
,,,,,,,,,,,NCF2,PCDH1,,,
,,,,,,,,,,,CD28,CMTM2,,,
,,,,,,,,,,,ANKRD20A5P,CNBD2,,,
,,,,,,,,,,,GPC4,SYT5,,,
,,,,,,,,,,,FAM83C,GRM1,,,
,,,,,,,,,,,LOC442497,MAPK8IP2,,,
,,,,,,,,,,,IFNLR1,C2orf50,,,
,,,,,,,,,,,PNOC,CBARP,,,
,,,,,,,,,,,RBMS3,ZNF853,,,
,,,,,,,,,,,RHOV,FAIM2,,,
,,,,,,,,,,,ATP6V0D2,MAP6,,,
,,,,,,,,,,,NDNF,PPARGC1A,,,
,,,,,,,,,,,RBP7,CNIH2,,,
,,,,,,,,,,,ETS2,GPM6A,,,
,,,,,,,,,,,GJB6,HYDIN,,,
,,,,,,,,,,,LOC100507351,LOC100507250,,,
,,,,,,,,,,,DDIT4L,SPRY4,,,
,,,,,,,,,,,FBLN1,SLC22A17,,,
,,,,,,,,,,,ERRFI1,TMEM38A,,,
,,,,,,,,,,,B3GNT8,FNDC5,,,
,,,,,,,,,,,PHYHIP,IQUB,,,
,,,,,,,,,,,COL5A3,SCGB1B2P,,,
,,,,,,,,,,,GYPC,TEX15,,,
,,,,,,,,,,,COMP,BTK,,,
,,,,,,,,,,,PPL,ZFP30,,,
,,,,,,,,,,,ICAM4,ACSS1,,,
,,,,,,,,,,,DUSP1,SLC16A10,,,
,,,,,,,,,,,ITGAM,LMO4,,,
,,,,,,,,,,,RGS1,GYG2,,,
,,,,,,,,,,,RGS9,ZNF738,,,
,,,,,,,,,,,ITGA9,KCNQ4,,,
,,,,,,,,,,,PRDM8,VEGFA,,,
,,,,,,,,,,,RCAN2,CDH26,,,
,,,,,,,,,,,LCP1,ZNF491,,,
,,,,,,,,,,,GAL,COL16A1,,,
,,,,,,,,,,,DIRAS2,APC,,,
,,,,,,,,,,,MUC17,TTPA,,,
,,,,,,,,,,,PSTPIP2,MST1,,,
,,,,,,,,,,,SMIM1,ADGRG3,,,
,,,,,,,,,,,CATSPER1,CTH,,,
,,,,,,,,,,,FSTL3,PRAM1,,,
,,,,,,,,,,,IFI44L,TNFRSF19,,,
,,,,,,,,,,,STX11,NRN1,,,
,,,,,,,,,,,LAMA3,DISP2,,,
,,,,,,,,,,,IL17B,GPT,,,
,,,,,,,,,,,GXYLT2,ASRGL1,,,
,,,,,,,,,,,KANK4,SLC12A5,,,
,,,,,,,,,,,IL1R2,SPIRE1,,,
,,,,,,,,,,,BIN2,MLC1,,,
,,,,,,,,,,,HLX,C4orf48,,,
,,,,,,,,,,,PAMR1,LSAMP,,,
,,,,,,,,,,,PCLO,ARMC12,,,
,,,,,,,,,,,ADGRE1,ZNF253,,,
,,,,,,,,,,,IL1R1,SALL2,,,
,,,,,,,,,,,PPP4R4,DAGLA,,,
,,,,,,,,,,,ANKRD29,C2orf66,,,
,,,,,,,,,,,CASP10,ZNF25,,,
,,,,,,,,,,,HMGCLL1,FAM110D,,,
,,,,,,,,,,,UPK3A,TRIM24,,,
,,,,,,,,,,,SPHK1,SRI,,,
,,,,,,,,,,,CCDC63,LZTS3,,,
,,,,,,,,,,,MOXD1,ARNT2,,,
,,,,,,,,,,,ANKRD18B,PKNOX2,,,
,,,,,,,,,,,RPS6KA6,FAM171B,,,
,,,,,,,,,,,ASS1,MEIS3,,,
,,,,,,,,,,,FABP4,ACTR3B,,,
,,,,,,,,,,,SUSD3,LINC00324,,,
,,,,,,,,,,,C2orf78,ZNF221,,,
,,,,,,,,,,,MUC2,EGR1,,,
,,,,,,,,,,,PCSK1,ATP6AP1L,,,
,,,,,,,,,,,TNFSF9,ANKRD46,,,
,,,,,,,,,,,FLRT2,GAL3ST3,,,
,,,,,,,,,,,ODF3B,RNF122,,,
,,,,,,,,,,,SRPX2,CNKSR2,,,
,,,,,,,,,,,SDC4,MRO,,,
,,,,,,,,,,,ZC3H12A,LINC00673,,,
,,,,,,,,,,,GJB3,ZFP2,,,
,,,,,,,,,,,RASGEF1A,GAP43,,,
,,,,,,,,,,,SYNPO,FIGN,,,
,,,,,,,,,,,SPEF2,HEPACAM2,,,
,,,,,,,,,,,STXBP2,LYPD5,,,
,,,,,,,,,,,CCRL2,TEX12,,,
,,,,,,,,,,,CCK,ZMAT1,,,
,,,,,,,,,,,HNF1B,CELSR2,,,
,,,,,,,,,,,TRPM6,POMGNT2,,,
,,,,,,,,,,,LINC00971,HEY1,,,
,,,,,,,,,,,CASP4,KIF1B,,,
,,,,,,,,,,,OLFML3,ZNF566,,,
,,,,,,,,,,,CCL1,ITM2C,,,
,,,,,,,,,,,KRT32,FRY,,,
,,,,,,,,,,,PDZK1IP1,SLC1A3,,,
,,,,,,,,,,,CNN2,CCR10,,,
,,,,,,,,,,,ST8SIA2,IGSF3,,,
,,,,,,,,,,,COL6A2,TJP1,,,
,,,,,,,,,,,PLIN2,AHCYL2,,,
,,,,,,,,,,,SLC6A7,ZNF74,,,
,,,,,,,,,,,ENAM,REEP2,,,
,,,,,,,,,,,STEAP2,GLDC,,,
,,,,,,,,,,,P4HA2,ZNF555,,,
,,,,,,,,,,,VCL,ZNF443,,,
,,,,,,,,,,,IFITM2,FBXO41,,,
,,,,,,,,,,,BIK,PTCH2,,,
,,,,,,,,,,,CRH,DNAJC18,,,
,,,,,,,,,,,ILDR1,LINC00173,,,
,,,,,,,,,,,SPX,JAM2,,,
,,,,,,,,,,,PLCXD3,ZNF682,,,
,,,,,,,,,,,NUGGC,ZNF521,,,
,,,,,,,,,,,TESPA1,STMN3,,,
,,,,,,,,,,,GCNT3,C1orf162,,,
,,,,,,,,,,,XKR3,FYN,,,
,,,,,,,,,,,CMTM7,ZNF30,,,
,,,,,,,,,,,RNF144B,PDIK1L,,,
,,,,,,,,,,,LINC00887,TRNP1,,,
,,,,,,,,,,,MMP8,GPR137C,,,
,,,,,,,,,,,CD70,AMIGO1,,,
,,,,,,,,,,,ATP8B4,MAP3K10,,,
,,,,,,,,,,,ANO2,PLIN1,,,
,,,,,,,,,,,SLAMF7,TDRP,,,
,,,,,,,,,,,KCNS3,LRRC20,,,
,,,,,,,,,,,FAM180A,CACNB1,,,
,,,,,,,,,,,TMEM132E,TADA1,,,
,,,,,,,,,,,HEPH,ZNF843,,,
,,,,,,,,,,,GATA3,PPM1K,,,
,,,,,,,,,,,PLAC8,ZNF836,,,
,,,,,,,,,,,CNGA1,CBS,,,
,,,,,,,,,,,ANKRD2,DPY19L3,,,
,,,,,,,,,,,RPLP0P2,SOX9,,,
,,,,,,,,,,,PLBD1,CDC7,,,
,,,,,,,,,,,AIPL1,EPB41L5,,,
,,,,,,,,,,,MROH9,CTXN1,,,
,,,,,,,,,,,ARHGDIB,TSPAN3,,,
,,,,,,,,,,,NNMT,JDP2,,,
,,,,,,,,,,,MSR1,CROCCP3,,,
,,,,,,,,,,,EOMES,CHDH,,,
,,,,,,,,,,,TNFSF8,ZNF607,,,
,,,,,,,,,,,CXCL14,C19orf18,,,
,,,,,,,,,,,KPRP,ADAM23,,,
,,,,,,,,,,,EPS8L2,PPP1R3C,,,
,,,,,,,,,,,HPD,ROBO1,,,
,,,,,,,,,,,CSDC2,GPM6B,,,
,,,,,,,,,,,FBXO32,ZNF83,,,
,,,,,,,,,,,PENK,SPIRE2,,,
,,,,,,,,,,,FLNC,ZNF439,,,
,,,,,,,,,,,B4GALT1,ATXN7L2,,,
,,,,,,,,,,,SBK3,HUNK,,,
,,,,,,,,,,,CTSS,NLGN2,,,
,,,,,,,,,,,UGT3A2,B3GLCT,,,
,,,,,,,,,,,AHNAK,PON2,,,
,,,,,,,,,,,CSF2RB,TRO,,,
,,,,,,,,,,,DNASE1L3,KLHL7,,,
,,,,,,,,,,,HEPHL1,FAM3C,,,
,,,,,,,,,,,RELN,TLE1,,,
,,,,,,,,,,,GATA6-AS1,ZNF627,,,
,,,,,,,,,,,DSG3,ZNF260,,,
,,,,,,,,,,,CYBA,ZNF91,,,
,,,,,,,,,,,TCEA3,ZNF181,,,
,,,,,,,,,,,TNNT2,CALM1,,,
,,,,,,,,,,,MFAP2,ZNF767P,,,
,,,,,,,,,,,PADI4,TMEM106B,,,
,,,,,,,,,,,MCTP2,ZNF337,,,
,,,,,,,,,,,CLSTN2,SMG1P7,,,
,,,,,,,,,,,BMP2,DAAM1,,,
,,,,,,,,,,,CLMP,FSD1L,,,
,,,,,,,,,,,LOC285626,RBM26-AS1,,,
,,,,,,,,,,,MECOM,NPAS3,,,
,,,,,,,,,,,RBM46,TSNAXIP1,,,
,,,,,,,,,,,SIGLEC15,ZNF510,,,
,,,,,,,,,,,FBN1,ZNF418,,,
,,,,,,,,,,,MLKL,ZNF420,,,
,,,,,,,,,,,MMP19,WDR35,,,
,,,,,,,,,,,LYL1,ZFP1,,,
,,,,,,,,,,,GNA15,NADK2,,,
,,,,,,,,,,,EVC2,VAMP2,,,
,,,,,,,,,,,SERPINE1,ZNF471,,,
,,,,,,,,,,,ISLR2,WDFY3-AS2,,,
,,,,,,,,,,,CD55,ZFP62,,,
,,,,,,,,,,,FOSL1,NPDC1,,,
,,,,,,,,,,,TMEM154,ZNF501,,,
,,,,,,,,,,,APOA5,LYRM7,,,
,,,,,,,,,,,SLC2A5,ZNF616,,,
,,,,,,,,,,,NABP1,ZNF419,,,
,,,,,,,,,,,IL36RN,PJA2,,,
,,,,,,,,,,,LRRN4,PPP1R12B,,,
,,,,,,,,,,,TCN1,POU2F1,,,
,,,,,,,,,,,MICAL2,GSTA4,,,
,,,,,,,,,,,KRT80,OBSL1,,,
,,,,,,,,,,,SERPINB1,ZNF302,,,
,,,,,,,,,,,SERPINB9P1,ZNF844,,,
,,,,,,,,,,,TNFAIP8L3,MOAP1,,,
,,,,,,,,,,,MGST1,ZNF527,,,
,,,,,,,,,,,ENPP5,ZNF461,,,
,,,,,,,,,,,WIF1,PLEKHA4,,,
,,,,,,,,,,,CDS1,POLR1B,,,
,,,,,,,,,,,CALB1,KDM6B,,,
,,,,,,,,,,,ITGB4,PLCG1,,,
,,,,,,,,,,,PLAUR,CAB39L,,,
,,,,,,,,,,,COLEC12,NFIB,,,
,,,,,,,,,,,COL13A1,CC2D1A,,,
,,,,,,,,,,,TCIRG1,ZNF680,,,
,,,,,,,,,,,SH2D3A,KIF27,,,
,,,,,,,,,,,GPR160,FOXRED2,,,
,,,,,,,,,,,MSRB3,DTNA,,,
,,,,,,,,,,,SNCG,PEX5,,,
,,,,,,,,,,,PLEKHG6,ZNF549,,,
,,,,,,,,,,,GPR20,TECTA,,,
,,,,,,,,,,,BTBD11,HOOK2,,,
,,,,,,,,,,,PRDM1,ZC3H6,,,
,,,,,,,,,,,NEXN,MPP6,,,
,,,,,,,,,,,FRMPD4,CCDC136,,,
,,,,,,,,,,,MGP,KLHL22,,,
,,,,,,,,,,,OXTR,PLEKHH3,,,
,,,,,,,,,,,ZDHHC8P1,ZDHHC17,,,
,,,,,,,,,,,SLC16A3,B4GAT1,,,
,,,,,,,,,,,DCBLD2,ZNF780A,,,
,,,,,,,,,,,LTF,LINC00665,,,
,,,,,,,,,,,SDR16C5,KIF3A,,,
,,,,,,,,,,,DRD1,PIP4K2B,,,
,,,,,,,,,,,CCL2,UBQLN4,,,
,,,,,,,,,,,RYR2,MYO6,,,
,,,,,,,,,,,GMNC,ZNF234,,,
,,,,,,,,,,,MCOLN2,ZNF256,,,
,,,,,,,,,,,VCAM1,ZNF780B,,,
,,,,,,,,,,,RAB11FIP1,PHF14,,,
,,,,,,,,,,,GDF6,ZNF441,,,
,,,,,,,,,,,TNFRSF18,ZNF273,,,
,,,,,,,,,,,SPTA1,CRKL,,,
,,,,,,,,,,,PTPRQ,USP11,,,
,,,,,,,,,,,CALB2,CYP2U1,,,
,,,,,,,,,,,COL1A2,BBS2,,,
,,,,,,,,,,,BPI,SCAPER,,,
,,,,,,,,,,,ICAM1,ZIK1,,,
,,,,,,,,,,,ABI3BP,ZNF785,,,
,,,,,,,,,,,GBP5,CLIP3,,,
,,,,,,,,,,,GATA6,SASH1,,,
,,,,,,,,,,,MEPE,NCOA1,,,
,,,,,,,,,,,KDR,JRK,,,
,,,,,,,,,,,CD6,PARS2,,,
,,,,,,,,,,,SLFN5,ZFP37,,,
,,,,,,,,,,,TNFSF18,ZNF470,,,
,,,,,,,,,,,CCL26,SMARCC2,,,
,,,,,,,,,,,HTR3C,SYNJ1,,,
,,,,,,,,,,,CDH18,DNAL1,,,
,,,,,,,,,,,LIF,WDR19,,,
,,,,,,,,,,,MOV10L1,ZBTB10,,,
,,,,,,,,,,,LOX,YES1,,,
,,,,,,,,,,,PTPRC,SLC25A36,,,
,,,,,,,,,,,FHL2,ABI2,,,
,,,,,,,,,,,C11orf87,ZBED8,,,
,,,,,,,,,,,RBFOX3,GPT2,,,
,,,,,,,,,,,ZBP1,ZNF155,,,
,,,,,,,,,,,CPA4,SLC25A23,,,
,,,,,,,,,,,CCL8,DPY19L1,,,
,,,,,,,,,,,CD177,PJA1,,,
,,,,,,,,,,,EHF,ZNF320,,,
,,,,,,,,,,,TYRP1,KIAA1143,,,
,,,,,,,,,,,GRB7,SLC9B2,,,
,,,,,,,,,,,CYYR1,FBXO21,,,
,,,,,,,,,,,SELP,MTERF2,,,
,,,,,,,,,,,MYPN,ZNF197,,,
,,,,,,,,,,,LGALS17A,ZNF324B,,,
,,,,,,,,,,,CHMP4C,ZNF585B,,,
,,,,,,,,,,,ANKRD1,CCNL2,,,
,,,,,,,,,,,ALPK2,CFAP36,,,
,,,,,,,,,,,TMEM156,PPP5C,,,
,,,,,,,,,,,RGS4,MBOAT2,,,
,,,,,,,,,,,EDNRA,FBXO45,,,
,,,,,,,,,,,CCL11,ZFYVE9,,,
,,,,,,,,,,,TLR2,PIGX,,,
,,,,,,,,,,,SULF1,DPYSL2,,,
,,,,,,,,,,,PADI3,THAP5,,,
,,,,,,,,,,,GRM4,ZNF57,,,
,,,,,,,,,,,PAPPA,ZMYND11,,,
,,,,,,,,,,,SLCO4C1,HABP4,,,
,,,,,,,,,,,C5orf46,ZNF557,,,
,,,,,,,,,,,TSPAN32,ZNF324,,,
,,,,,,,,,,,PPFIA2,MED9,,,
,,,,,,,,,,,CAPSL,ZNF12,,,
,,,,,,,,,,,INSC,MRPS14,,,
,,,,,,,,,,,MAGEC1,SRPK2,,,
,,,,,,,,,,,CRHBP,ZYG11B,,,
,,,,,,,,,,,IL36B,MTX3,,,
,,,,,,,,,,,HTR2A,ZNF629,,,
,,,,,,,,,,,GFPT2,KLHL42,,,
,,,,,,,,,,,PAPLN,PRPF38A,,,
,,,,,,,,,,,TRIM55,FAM219B,,,
,,,,,,,,,,,VIP,SFXN1,,,
,,,,,,,,,,,POM121L9P,ZNF292,,,
,,,,,,,,,,,IL6,ZNF346,,,
,,,,,,,,,,,CDH9,TRIM33,,,
,,,,,,,,,,,OASL,LMBR1,,,
,,,,,,,,,,,PRSS22,LIN52,,,
,,,,,,,,,,,FIBCD1,ZKSCAN8,,,
,,,,,,,,,,,CYP1B1,SIKE1,,,
,,,,,,,,,,,COL24A1,FBXW11,,,
,,,,,,,,,,,SPINK1,ZNF696,,,
,,,,,,,,,,,SFRP4,NEK4,,,
,,,,,,,,,,,PTGER2,KIF2A,,,
,,,,,,,,,,,RASSF6,MAPK1,,,
,,,,,,,,,,,EPSTI1,TRMT5,,,
,,,,,,,,,,,FAP,ZNF773,,,
,,,,,,,,,,,TOR4A,YEATS2,,,
,,,,,,,,,,,CLIC3,SLC41A1,,,
,,,,,,,,,,,PRSS35,ZKSCAN5,,,
,,,,,,,,,,,ESRP1,TRIM23,,,
,,,,,,,,,,,CYTIP,BRD8,,,
,,,,,,,,,,,HCK,,,,
,,,,,,,,,,,BTNL8,,,,
,,,,,,,,,,,ANO9,,,,
,,,,,,,,,,,CD5L,,,,
,,,,,,,,,,,STK26,,,,
,,,,,,,,,,,CDA,,,,
,,,,,,,,,,,SEMA3D,,,,
,,,,,,,,,,,IL1RN,,,,
,,,,,,,,,,,ABCB5,,,,
,,,,,,,,,,,MET,,,,
,,,,,,,,,,,PTGER4,,,,
,,,,,,,,,,,SIM1,,,,
,,,,,,,,,,,IFITM1,,,,
,,,,,,,,,,,TSLP,,,,
,,,,,,,,,,,PLEKHN1,,,,
,,,,,,,,,,,RRAD,,,,
,,,,,,,,,,,SLC14A1,,,,
,,,,,,,,,,,STYK1,,,,
,,,,,,,,,,,BIRC3,,,,
,,,,,,,,,,,THBS1,,,,
,,,,,,,,,,,CPA6,,,,
,,,,,,,,,,,ITGB6,,,,
,,,,,,,,,,,IL31RA,,,,
,,,,,,,,,,,TGM4,,,,
,,,,,,,,,,,SBSPON,,,,
,,,,,,,,,,,EVA1A,,,,
,,,,,,,,,,,SDR42E1,,,,
,,,,,,,,,,,AOX1,,,,
,,,,,,,,,,,CYTH4,,,,
,,,,,,,,,,,IL34,,,,
,,,,,,,,,,,LRFN5,,,,
,,,,,,,,,,,CYP4X1,,,,
,,,,,,,,,,,CD1D,,,,
,,,,,,,,,,,PTGS2,,,,
,,,,,,,,,,,IL32,,,,
,,,,,,,,,,,BDKRB2,,,,
,,,,,,,,,,,COL14A1,,,,
,,,,,,,,,,,CSF2,,,,
,,,,,,,,,,,MSLN,,,,
,,,,,,,,,,,TXK,,,,
,,,,,,,,,,,CCL7,,,,
,,,,,,,,,,,PI3,,,,
,,,,,,,,,,,CXCL2,,,,
,,,,,,,,,,,SERPINB9,,,,
,,,,,,,,,,,ETNPPL,,,,
,,,,,,,,,,,CSF3,,,,
,,,,,,,,,,,LINC00520,,,,
,,,,,,,,,,,CCL20,,,,
,,,,,,,,,,,RIPK4,,,,
,,,,,,,,,,,AK5,,,,
,,,,,,,,,,,SAA1,,,,
,,,,,,,,,,,CXCL3,,,,
,,,,,,,,,,,LCN2,,,,
,,,,,,,,,,,SPINK5,,,,
,,,,,,,,,,,VNN1,,,,
,,,,,,,,,,,JPH2,,,,
,,,,,,,,,,,TES,,,,
,,,,,,,,,,,KLK10,,,,
,,,,,,,,,,,LRRC15,,,,
,,,,,,,,,,,IL1A,,,,
,,,,,,,,,,,TNFRSF9,,,,
,,,,,,,,,,,AREG,,,,
,,,,,,,,,,,TGFBI,,,,
,,,,,,,,,,,PTPRR,,,,
,,,,,,,,,,,MMP10,,,,
,,,,,,,,,,,ABCA13,,,,
,,,,,,,,,,,GDA,,,,
,,,,,,,,,,,TEC,,,,
,,,,,,,,,,,COX7A1,,,,
,,,,,,,,,,,NDST3,,,,
,,,,,,,,,,,KCNS1,,,,
,,,,,,,,,,,HTR7,,,,
,,,,,,,,,,,COL6A3,,,,
,,,,,,,,,,,RSPO3,,,,
,,,,,,,,,,,CLEC7A,,,,
,,,,,,,,,,,IL7R,,,,
,,,,,,,,,,,EBI3,,,,
,,,,,,,,,,,KYNU,,,,
,,,,,,,,,,,CD40,,,,
,,,,,,,,,,,SERPINB7,,,,
,,,,,,,,,,,MX2,,,,
,,,,,,,,,,,ESM1,,,,
,,,,,,,,,,,MMP13,,,,
,,,,,,,,,,,IL18,,,,
,,,,,,,,,,,TSPAN2,,,,
,,,,,,,,,,,TGM2,,,,
,,,,,,,,,,,SLITRK6,,,,
,,,,,,,,,,,FRMD7,,,,
,,,,,,,,,,,SLC17A9,,,,
,,,,,,,,,,,DHRS9,,,,
,,,,,,,,,,,EREG,,,,
,,,,,,,,,,,RHOD,,,,
,,,,,,,,,,,SERTM1,,,,
,,,,,,,,,,,IDO1,,,,
,,,,,,,,,,,RAC2,,,,
,,,,,,,,,,,UBXN10,,,,
,,,,,,,,,,,ANPEP,,,,
,,,,,,,,,,,LINC00052,,,,
,,,,,,,,,,,IL1B,,,,
,,,,,,,,,,,BHMT2,,,,
,,,,,,,,,,,ECHDC3,,,,
,,,,,,,,,,,ANXA3,,,,
,,,,,,,,,,,MFAP5,,,,
,,,,,,,,,,,MUC16,,,,
,,,,,,,,,,,SAMD3,,,,
,,,,,,,,,,,MME,,,,
,,,,,,,,,,,CXCL5,,,,
,,,,,,,,,,,CXCL1,,,,
,,,,,,,,,,,CXCL8,,,,
,,,,,,,,,,,CXCL6,,,,